Keyword,KD,Volume,Category,CTR Title,Meta Description,Content Strategy,Internal Links,Snippet Target,SERP Analysis,AI Overview,Top Competitors,People Also Ask,Intent,Opportunity Score,Strategic Insight
"ai virtual try-on for ecommerce",68,6500,"Pillar — AI Virtual Try-On","We Tested 11 AI Virtual Try-On Tools for Fashion Brands (2026 Results)","Not all virtual try-on tools are equal. We tested 11 platforms for garment accuracy, identity consistency, swimwear support, and batch generation. Here's what actually works.","2,500–3,500 word roundup/comparison guide. Lead with definition block (50 words, extractable). Include head-to-head comparison table with 8 criteria. Cover brand catalogue generation vs consumer try-on distinction. MirrorFit AI positioned as specialist for custom model + revealing fashion. Sections: What is AI virtual try-on, How it works, Top tools, Comparison table, Who each is for, FAQ. Include HowTo + FAQPage schema.","Link to: /features, /vs-vueai, /vs-zyler, /alternatives, /swimwear, /batch. Anchor text: 'virtual try-on platform', 'ai fashion catalogue tool'","FAQPage schema: 5 Q&As. Featured snippet target: 'What is AI virtual try-on?' definition block.","SERP dominated by roundup articles from Claid.ai, Nightjar.so, Lumiet.net ranking with 7-11 tool lists. All 2026-dated. Titles use numbers + year. Avg word count 2,800+. Commercial intent. AI Overview present summarising top tools (FASHN, Claid, Uwear cited). PAA heavy.","AI Overview present — summarises 5-6 tools with Claid, FASHN, and Uwear mentioned. MirrorFit not cited. Gap: no tool cited for custom model identity or India-specific fashion support.","claid.ai/blog/article/virtual-try-on-tools | nightjar.so/blog/best-tools-ai-virtual-try-on | lumiet.net/blog/guides/ai-virtual-try-on-ecommerce-guide","What is AI virtual try-on? | How accurate is AI virtual try-on? | Does AI virtual try-on work for swimwear? | What's the best AI virtual try-on for small brands? | How much does virtual try-on software cost? | Can AI virtual try-on replace a photoshoot? | What is the difference between virtual try-on and AI fashion photography?","Commercial",7,"Roundup format dominates. MirrorFit must publish a comparison guide featuring itself and competitors fairly. Lead with the custom model identity angle — no competitor article covers this as a selection criterion. Add it as a deciding factor in the comparison table."
"best ai virtual try-on tools",65,4200,"Pillar — AI Virtual Try-On","The Only AI Virtual Try-On Comparison That Tests Custom Model Upload (2026)","Most 'best of' lists miss the thing that matters most for brand consistency: can you upload your own model? We benchmarked 9 tools on the criteria fashion brands actually care about.","2,000–2,800 word commercial comparison. Must be balanced — acknowledge FASHN/Claid strengths. Add custom model upload and swimwear support as key comparison criteria. Every tool rated 1-5 on: garment accuracy, identity consistency, swimwear support, ethnicwear, batch gen, pricing. Structured table required. ItemList schema.","Link from: homepage, /features, /model-library. Link to: /vs-vueai, /vs-zyler, /pricing.","ItemList schema for each tool. FAQPage schema. Featured snippet for 'best AI virtual try-on' definition.","Claid.ai dominates with freshest roundup (Jan 2026). Tools cited: FASHN, Claid, Uwear, Botika, Modelia, Genlook, Veesual, Ayna. All content is 2026-dated. Comparison tables common. Title pattern: 'X best [tool] in 2026'.","AI Overview present listing Claid and FASHN as top picks. Custom model identity not mentioned anywhere.","claid.ai | nightjar.so | lumiet.net | uwear.ai","Which AI try-on is most realistic? | Does FASHN AI support swimwear? | Can I use my own model in AI virtual try-on? | What is the cheapest AI virtual try-on tool?","Commercial",7,"Add 'custom model upload' as a new evaluation criterion in the comparison — it differentiates MirrorFit from every tool in the roundup and is currently absent from all competitor articles. This is a citation gap."
"ai fashion photography",62,5800,"Pillar — AI Fashion Photography","AI Fashion Photography in 2026: What Actually Replaces a Studio Shoot (and What Doesn't)","From flat-lay to catalogue image in 30 seconds — or so they claim. We break down how AI fashion photography really works, which categories it handles best, and where it still falls short.","2,200–3,000 word definitive guide. Definition block first. Explain the technology (image-to-model generation, garment transfer). Cover: how it compares to traditional shoots, what categories work best, accuracy for fabric/embroidery/swimwear, pricing overview. Position MirrorFit as specialist for identity lock. Article + FAQPage schema.","Link to: /how-it-works, /features, /swimwear, /ethnicwear, /batch, /pricing.","Featured snippet: 'What is AI fashion photography?' — 50-word extractable definition block.","SERPs show Claid and Photoroom dominating with tool-specific pages. Botika, Modelia, Fotor also rank. Content is how-to and listicle mixed. Titles use 'in 2026', 'complete guide', 'best'. Average 1,800 words. AI Overview summarises 5 tools from Claid roundup.","AI Overview from Claid.ai roundup (Jan 2026) — mentions FASHN, BetterStudio, Ayna, Mocky AI. No specialist for Indian fashion or swimwear brand catalogue cited.","photoroom.com/tools/virtual-model | botika.com | claid.ai/blog/article/ai-fashion-photography-tools | modelia.ai","What is AI fashion photography? | Is AI fashion photography good enough for real brands? | How accurate is AI garment rendering? | Does AI fashion photography work for sarees and Indian ethnic wear? | What's the difference between virtual try-on and AI fashion photography?","Informational",7,"MirrorFit opportunity: write the most thorough, balanced guide on AI fashion photography accuracy — including a section on which garment categories (swimwear, sarees, sheer overlay) are underserved by generic tools. This fills the gap every other guide ignores."
"ai fashion model generator",58,4800,"Pillar — AI Fashion Photography","AI Fashion Model Generator: 8 Tools That Actually Keep Your Model Consistent","Tired of your model looking different in every render? We tested 8 AI fashion model generators specifically for identity consistency — the feature most tools won't talk about.","1,800–2,500 word comparison guide. Focus on identity consistency as the key differentiator. Include side-by-side comparison of consistency across multiple renders. Table: custom model upload / identity lock / garment accuracy / pricing. Position MirrorFit as identity-lock specialist.","Link from: /features/model-library, /how-it-works. Link to: /vs-vueai, /pricing, /model-library.","FAQPage + ItemList schema. Featured snippet: 'What is an AI fashion model generator?'","Dominated by Fotor, WeShop AI, Botika, Modelia, SellerPic. Heavy on 'create diverse models from prompts' angle. Identity consistency is NOT a primary differentiator in any top-ranking page. MirrorFit opportunity: own the 'identity lock' angle in this query.","AI Overview present mentioning Fotor, WeShop AI, Botika as top generators. Zero mention of identity lock or custom model upload.","fotor.com/ai-image-generator/fashion-model | weshop.ai/tools/aimodel | botika.com | modelia.ai","Can I create a consistent model for my brand with AI? | How do I upload my own model to an AI fashion tool? | What AI tool keeps the same model face across all images? | Is AI model generation free?","Commercial",8,"HIGH OPPORTUNITY: 'identity consistency' is not addressed by any competitor in this query. MirrorFit should publish a comparison guide specifically on model consistency — testing how well each tool preserves identity across 10 renders. Original research = citation magnet."
"how to create product photos without photoshoot",45,3200,"Pillar — AI Fashion Photography","I Generated 200 Fashion Product Photos Without a Photoshoot — Here's the Exact Workflow","No studio. No model. No photographer. I documented every step of replacing our photoshoot workflow with AI — what worked, what didn't, and what we'd do differently.","1,800–2,500 word how-to guide. First-person narrative with step-by-step workflow (numbered list, HowTo schema). Include cost comparison table (AI vs photoshoot). Cover: choosing the right tool for fashion, uploading model references, garment prep, quality review. End with MirrorFit-specific workflow section.","Link from: homepage, /batch, /features. Link to: /how-it-works, /pricing, /swimwear.","HowTo schema — numbered steps. Featured snippet for 'how to create product photos without photoshoot.'","WeShop AI blog dominates with 2,400-word workflow guide. FASHN, eFashionAI also ranking. Titles use 'without photoshoot', 'AI makes it possible in 2026'. All informational. First-person angle absent. PAA heavy. Medium difficulty vs other cluster terms.","AI Overview present with WeShop AI blog cited — workflow steps from their article. MirrorFit not mentioned.","weshop.ai/blog | efashion-ai.com/blog | fititon.app/blog | fashn.ai","What is the cheapest way to get product photos? | Can I use AI to put clothes on a model? | Do I need a real model for ecommerce photos? | What app creates model photos from flat lays?","Informational",8,"Workflow-format with real numbers and step-by-step HowTo schema. Lead with the cost comparison stat (₹25,000/50 garments traditional vs minutes with AI). The personal narrative angle is absent from all current top 10 — use it."
"virtual try-on for fashion brands",52,2800,"Pillar — AI Virtual Try-On","Virtual Try-On for Fashion Brands: The Complete Brand vs. Consumer Distinction","Most virtual try-on tools are built for shoppers — not for brands generating catalogue images. Here's the difference, and why it changes everything about which tool you choose.","1,600–2,200 word guide. Make the brand-vs-consumer try-on distinction the core angle (this is absent from all current top content). Cover: consumer try-on (Zyler, Genlook) vs brand catalogue generation (MirrorFit, FASHN, Claid). Include decision framework. FAQPage schema.","Link to: /vs-zyler, /features, /how-it-works. Link from: homepage.","Featured snippet: Clear 2-sentence definition distinguishing brand vs consumer virtual try-on.","Banuba.com, Computools, Intuz dominate with technology explainer articles. Heavily technical. No article makes the brand vs consumer distinction clearly. MirrorFit opportunity: own this framing.","AI Overview present summarising VTO technology from Banuba. Consumer-focused framing throughout.","banuba.com/blog | computools.com | intuz.com/blog","What is the difference between virtual try-on and AI fashion photography? | Which virtual try-on tool is for fashion brands (not shoppers)? | Does virtual try-on work for catalogue images?","Informational",8,"OWN THE BRAND VS CONSUMER DISTINCTION. Zero current content addresses this clearly. MirrorFit should publish a guide specifically making this distinction — it answers a real question buyers have and differentiates the brand from consumer tools like Zyler."
"ai product photography clothing",55,3600,"Pillar — AI Fashion Photography","AI Product Photography for Clothing: What 6 Months of Testing Taught Us About Garment Accuracy","Garment accuracy is the make-or-break factor in AI clothing photography. We tested 7 tools on fabric, texture, embroidery, and fit — and found clear winners and losers.","2,000–2,600 word guide. Lead with garment accuracy as the core evaluation criterion. Include before/after section descriptions. Table comparing garment accuracy by tool and by category (casual, swimwear, saree, bodycon). HowTo + FAQPage schema.","Link to: /features, /swimwear, /ethnicwear, /how-it-works. Link from: /ai-fashion-photography.","Featured snippet: 'What is garment accuracy in AI clothing photography?' definition.","Photoroom, Botika, Picjam dominate. All brand product pages or blog posts with demos. Garment accuracy not addressed head-on in any article. Medium competition. Commercial/informational hybrid intent.","AI Overview from Photoroom and Botika pages. No accuracy testing data cited.","photoroom.com | botika.com | picjam.ai | sellerpic.ai","Does AI clothing photography show fabric texture? | Is AI product photography good enough for Amazon listings? | What's the best AI clothing photo tool? | Can AI show embroidery detail in product photos?","Commercial",7,"Original research angle: publish the only article that specifically tests and rates garment accuracy (fabric, color, embroidery, straps) across multiple AI tools. Include MirrorFit in the comparison. Data-driven content earns citations."
"saree product photography",38,2200,"Pillar — Indian Fashion","AI Saree Product Photography: The Only Guide Written for Meesho and Myntra Sellers","Saree photography on AI isn't one size fits all — pallu drape, zari work, and pleat direction matter. Here's what actually works for Indian marketplace sellers.","1,800–2,400 word guide targeting India marketplace sellers. Cover: why saree photography is technically complex (drape, fabric, pallu), how AI handles it, step-by-step workflow, marketplace requirements (Myntra, Meesho, Amazon.in). Include MirrorFit ethnicwear workflow. FAQPage schema. India-specific examples throughout.","Link to: /ethnicwear, /batch, /how-it-works, /pricing. Link from: homepage categories.","FAQPage schema. Featured snippet: 'How does AI handle saree draping and pallu placement?'","Scalio.app has a dedicated 'AI saree product photography' page that ranks #1. Blendnow.com, Tri3D also present. Traditional photography studios (Lohar Studio, Bringitonline) rank for photoshoot-related queries. Low-medium competition. India-specific intent.","Limited AI Overview for this query — high opportunity for MirrorFit to be cited first for Indian-market content.","scalio.app/garment/saree-product-photography | blendnow.com/blog | tri3d.in/blog","Can AI accurately show saree drape and pallu? | What are the image requirements for saree listings on Myntra? | How do I do a saree photoshoot without a model? | Can AI show embroidery and zari work on a saree?","Informational",9,"HIGH OPPORTUNITY. Low competition, India-specific query with real purchase intent. Scalio has this ranked but their content is thin. MirrorFit should publish a comprehensive, deeply India-specific guide — including actual draping terminology, marketplace requirements, and ethnic fashion nuance. First-mover advantage in this niche."
"ai saree catalogue images",28,1400,"Pillar — Indian Fashion","Generate Saree Catalogue Images in Hours, Not Weeks: The AI Workflow for Indian Sellers","₹25,000 for 50 sarees in a day's shoot — or AI-generated catalogue images in 2 hours. Here's the exact workflow Indian fashion sellers are using to skip the studio entirely.","1,400–2,000 word workflow guide. Lead with cost comparison (₹25,000/day shoot vs AI). Step-by-step process for generating saree catalogue images with MirrorFit. Include: reference image requirements, saree draping settings, blouse and pallu notes, marketplace export. Practical tone for Indian sellers.","Link to: /ethnicwear, /how-it-works, /batch. Anchor: 'generate saree catalogue images', 'AI saree photography'.","HowTo schema. Featured snippet: step-by-step workflow block.","Low competition. Primarily traditional photography websites and Scalio. Significant content gap for AI workflow guide in this niche. Indian market, Hindi + English hybrid audience.","No AI Overview for this specific query — strong opportunity to rank as the definitive source.","scalio.app | bringitonline.in | loharstudio.com","How many sarees can be photographed in a day? | What background is best for saree product photos? | How do I show pallu placement in a catalogue image? | Can I do a saree catalogue shoot without a model?","Informational",9,"MOST UNDERSERVED QUERY IN THE RESEARCH. No AI overview. Traditional studios dominate. MirrorFit can become the definitive AI resource for Indian ethnic wear catalogue generation with this guide. Include real cost numbers from SERP data (₹25,000/day, 50 garments) for citation value."
"lehenga catalogue photography",25,900,"Pillar — Indian Fashion","AI Lehenga Catalogue Photography: How to Show Skirt Flare, Embroidery, and Dupatta Without a Studio","A lehenga has three pieces, embroidery on all of them, and a flare that needs to show. Here's how AI handles all of it — and what to do when it doesn't.","1,200–1,800 word guide. Bridal and festive lehenga focus. Cover: garment complexity (skirt flare, choli neckline, dupatta placement, embroidery), how AI handles each, photography tips, MirrorFit workflow for bridal lehenga. Practical, category-specific content.","Link to: /ethnicwear, /how-it-works. Anchor: 'AI lehenga photography', 'bridal catalogue images AI'.","Featured snippet: 'How does AI render lehenga embroidery and skirt flare?' definition.","Very low competition. Loharstudio and traditional studios dominate. No AI-focused content for this specific query. Strong gap.","No AI Overview. Pure opportunity.","loharstudio.com | bringitonline.in","Can AI show the full flare of a lehenga? | How do I photograph a bridal lehenga for Myntra? | What is the best way to show lehenga embroidery in a catalogue photo?","Informational",9,"Extremely low competition. Publish a specialist lehenga catalogue guide. Use specific garment terminology (choli, dupatta, skirt flare, zardozi embroidery) throughout — this builds topical authority for ethnicwear and improves AI search citation potential."
"ethnic wear catalogue images",32,1600,"Pillar — Indian Fashion","Ethnic Wear Catalogue Images Without a Studio: The Complete AI Guide for Indian Fashion Sellers","Traditional ethnic wear shoots cost ₹15,000–₹50,000 per session. AI-generated catalogue images now deliver the same result in 2 hours. Here's how every Indian fashion category is handled.","2,000–2,600 word comprehensive guide. Cover all Indian ethnic wear categories: sarees, lehengas, salwar suits, kurtis, bridal blouses, festive garments. Per-category AI workflow. Comparison table: traditional photoshoot vs MirrorFit AI (cost, time, quality, consistency). FAQPage schema.","Link to: /ethnicwear, /batch, /pricing, /saree-guide (when published). Link from: homepage.","FAQPage schema. Featured snippet: 'What AI tools support Indian ethnic wear catalogue photography?'","Loharstudio (traditional photography) and Scalio (AI-specific) rank. Medium competition. India-specific language performs well. Most general AI photography guides ignore ethnicwear.","No AI Overview. Opportunity to become the default cited source for this query in Indian market.","loharstudio.com | scalio.app | blendnow.com","What is the cost of ethnic wear photoshoot in India? | Can AI generate saree and lehenga catalogue photos? | Does AI preserve embroidery and fabric texture in ethnic wear images?","Informational",9,"Build topical authority by publishing a hub for Indian ethnic fashion AI photography. This cluster (saree, lehenga, ethnic wear, bridal) is almost completely unclaimed by AI tools. First-mover with quality content wins the entire India fashion AI photography cluster."
"swimwear catalogue images ai",30,1100,"Pillar — Swimwear","AI Swimwear Catalogue Images: The Tool That Doesn't Refuse Your Bikinis","Most AI tools refuse swimwear. Here's why that happens, which tools actually support commercial swimwear photography, and how to generate professional bikini and one-piece catalogue images.","1,600–2,200 word guide. Lead with the AI refusal problem directly. Explain why generic tools refuse swimwear (content classification). Introduce commercial fashion distinction. Workflow for swimwear catalogue images with MirrorFit. Cover: bikini sets, one-pieces, monokinis, resort wear. Beachwear catalogue preset section. FAQPage schema.","Link to: /swimwear, /features, /how-it-works, /pricing. Anchor: 'swimwear catalogue images AI', 'AI bikini catalogue'.","FAQPage schema. Featured snippet: 'Why do AI tools refuse swimwear images?'","Predominantly consumer try-on tools (Photta, LightX, Pixelcut) rank for swimwear + AI queries. Zero brand-catalogue-focused content. Most pages are consumer 'try on a bikini on your photo' tools — NOT brand catalogue generation. MirrorFit has the only relevant brand-side angle.","Limited AI Overview. Consumer tools cited (Pixelcut, LightX). Brand catalogue generation not represented.","photta.app | pixelcut.ai/create/swimsuit-try-on | huhu.ai/ai-bikini-models | lightxeditor.com","Does AI virtual try-on work for swimwear? | Why do AI tools refuse bikini images? | What is the best AI tool for swimwear brand catalogue images? | Can I generate one-piece swimsuit product photos with AI?","Commercial",9,"HIGHEST OPPORTUNITY IN THE RESEARCH. Zero competition for brand-catalogue swimwear content. Consumer try-on tools dominate but don't serve swimwear brands. MirrorFit should own 'swimwear catalogue images AI' as a unique, underserved query with a direct route to conversion."
"virtual try-on swimwear brands",27,800,"Pillar — Swimwear","Why Swimwear Brands Can't Use Generic Virtual Try-On Tools (And What Works Instead)","Generic AI tools classify your bikini as unsafe. Here's the commercial fashion distinction they ignore — and the one platform built to generate professional swimwear catalogue images without that problem.","1,400–1,800 word landing page/guide hybrid. Address the AI refusal problem head-on. Explain commercial fashion vs explicit content distinction clearly. Position MirrorFit as the category-specific solution. Include: beachwear preset walkthrough, swimwear garment accuracy notes, brand-safe workflow.","Link to: /swimwear, /features. Link from: /alternatives.","Featured snippet: 'What virtual try-on tools support swimwear brand catalogue images?'","Consumer try-on tools rank. No brand-catalogue-specific content for this query. Very low competition — under-monetised niche.","No AI Overview — pure opportunity.","photta.app | pixelcut.ai | huhu.ai/virtual-try-on","Can virtual try-on tools generate swimwear brand catalogue images? | Do AI tools refuse to generate bikini images? | What is the difference between consumer virtual try-on and brand catalogue generation for swimwear?","Commercial",9,"Publish a standalone landing page for swimwear brands — not a blog post. Use direct language about the AI refusal problem. This is MirrorFit's most defensible content position: no one else owns this angle. The query has commercial intent and low competition."
"ai bikini product photography",24,700,"Pillar — Swimwear","AI Bikini Product Photography That Actually Shows the Design (Not Just a Model in a Swimsuit)","The difference between AI tools that just put any swimwear on a model and tools that preserve tie detail, hardware, coverage level, and strap placement is huge. Here's what to look for.","1,200–1,800 word guide. Focus on garment accuracy for swimwear specifically. Cover: tie detail, hardware, cup structure, coverage level rendering. Step-by-step from flat-lay to catalogue image. Include brand-specific workflow for bikini top + bottom sets.","Link to: /swimwear, /features, /how-it-works. Link from: /swimwear-catalogue-images.","FAQPage schema. Featured snippet: 'Does AI preserve bikini design details like ties and hardware?'","Very low competition. Consumer tools (PhotoGPT, Kaze.ai) and general AI tools rank. No brand-catalogue-accuracy content. High opportunity.","No AI Overview. Fresh territory.","photogptai.com/presets/bikini | kaze.ai/ai-bikini | huhu.ai/ai-bikini-models","Does AI show bikini tie and strap detail? | Can AI generate professional bikini product photos for ecommerce? | What AI tool is best for swimwear brand product images?","Informational",9,"MirrorFit can dominate this query with garment-accuracy-focused content. No current content addresses this from a brand's perspective. First-quality article wins."
"fashion photoshoot cost india",42,2600,"Pillar — Cost & ROI","Fashion Photoshoot Cost in India 2026: The Real Numbers (and the AI Alternative)","₹300 per image to ₹60,000 per day — the range is enormous. We've compiled every real cost data point for Indian fashion photoshoots, plus what brands are saving by switching to AI.","2,000–2,600 word data-heavy guide. Cite actual Indian photoshoot cost data from SERPs (Voila Studio pricing: ₹300–₹2,000/garment. Model + photographer: ₹25,000/day for 50 garments per Tri3D. Day rate: ₹25,000–₹60,000). Include comparison table: traditional vs AI by category (saree, lehenga, swimwear, casual). ROI calculation with real numbers. Cite sources.","Link to: /pricing, /batch, /features, /ethnicwear, /swimwear. Anchor: 'fashion photoshoot cost India', 'AI vs traditional photoshoot cost'.","FAQPage schema. Featured snippet: 'How much does a fashion photoshoot cost in India?' — concrete number block.","Traditional photography studios (Tri3D, CKStudio, Parwez Photography) dominate. Limited AI-comparison content. Real cost data is cited from studios: ₹300-₹1,800/garment for model shoots. MirrorFit opportunity: publish the definitive cost comparison including AI alternative math.","AI Overview likely from cost-focused pages. CKStudio cited in SERP: 'ranges from ₹300 to ₹2,000 per product.' MirrorFit can get cited with a more comprehensive breakdown.","ckstudio.in | tri3d.in/blog | parwezkphotography.com/blog | thejigsaw.in","How much does a model photoshoot cost in India per garment? | What is the cheapest way to get ecommerce product photos in India? | Is AI fashion photography cheaper than a traditional photoshoot? | How many garments can be shot in a day?","Informational",8,"This query has the best ROI data opportunity. The actual numbers from SERP data are citable: ₹25,000/day for 50 garments (Tri3D), ₹300-₹2,000/garment (CKStudio), vs AI subscription cost. Publish a page with real numbers, cited sources. It will rank and get AI citations."
"how much does a fashion photoshoot cost",48,3100,"Pillar — Cost & ROI","The Real Cost of a Fashion Photoshoot in 2026 (India & Global) — And When AI Is Cheaper","A studio day rate, a model fee, a photographer, and a stylist. Add it up. Then compare it to AI. The math explains why 1,200+ brands have switched.","2,000–2,800 word guide. Global + India cost breakdown. Include: studio rental, model fees, photographer, stylist, post-production, per-garment averages. Tables for India (₹) and global ($). Break-even calculator concept: 'how many garments before AI pays for itself.' Cite Picjam '$2K-$30K/mo saved' stat.","Link to: /pricing, /batch. Link from: /fashion-photoshoot-cost-india.","Featured snippet: cost range table for fashion photoshoot pricing.","Mix of traditional photography studios and emerging AI comparison content. WeShop AI and others publishing cost-comparison blog posts. SERP shifting to AI-comparison angle.","AI Overview present for global version of this query. No India-specific content cited.","photoshoot cost articles from various studios | weshop.ai/blog | picjam.ai","How much does a fashion model photoshoot cost per day? | Is a professional photographer worth it for ecommerce? | What is the average cost of product photography per image? | When does AI fashion photography become cheaper than traditional?","Informational",7,"Publish with real numbers AND a 'break-even calculator' concept. The break-even framing ('at X garments per month, AI pays for itself in month Y') is specific, quotable, and not currently in any top-ranking article."
"replace fashion photoshoot with ai",38,1800,"Pillar — Cost & ROI","We Replaced Our Fashion Photoshoot With AI for 6 Months. Here's the Honest Results.","Identity drift. Wrong fabric colors. Missing embroidery. We didn't hide the failures. This is what replacing a traditional fashion photoshoot with AI actually looks like after 6 months.","1,600–2,200 word honest case study narrative. Cover: what worked, what didn't, which categories failed (complex patterns), which succeeded (solid fabrics, swimwear, simple dresses). Quality review workflow. Month-by-month learnings. End with MirrorFit-specific results section. Trust-building through honesty.","Link to: /features/quality-review, /how-it-works, /pricing, /batch.","Featured snippet: 'What categories are easiest to replace photoshoots with AI?'","WeShop AI and eFashionAI dominate with 'how to replace photoshoots' guides. None are honest case-study format. Huge opportunity for trust-building content with real failure disclosure.","AI Overview likely present. WeShop AI blog cited. Honest case study would stand out.","weshop.ai/blog | efashion-ai.com/blog | fititon.app/blog","Does AI fashion photography produce good enough results for Amazon? | What garment types work best with AI photography? | What are the limitations of AI fashion photography?","Informational",8,"The honest case study format is completely absent from SERP. Every competitor article is promotional. Publishing a genuinely balanced case study (including failures) builds massive trust and earns citations. Contrarian, verifiable content wins AI citations more than promotional content."
"batch product image generation fashion",40,1500,"Sub-cluster — Batch Generation","100 Fashion Garments, One Model, One Run: The Batch Generation Workflow That's Replacing Catalogue Shoots","What used to take 4 studio days now takes 4 hours. Here's the exact batch workflow for generating complete catalogue image sets across your entire fashion inventory.","1,600–2,200 word workflow guide. Very practical. Step-by-step: how batch generation works, what to prepare, quality settings, brand preset configuration, export format options. Include cost math for 100 SKUs (traditional vs AI). HowTo schema.","Link to: /batch, /features, /pricing. Link from: /fashion-photoshoot-cost-india.","HowTo schema. Featured snippet: step-by-step workflow for batch fashion image generation.","Style3D AI, Claid API, Tolstoy dominate with Shopify-focused batch image content. Fashion-specific batch generation content is underrepresented. MirrorFit's batch feature is more complete than most tools — own the narrative.","AI Overview from Style3D article. No MirrorFit-style 'model + garment batch' content cited.","style3d.ai/blog | tolstoy.com/blog | claid.ai/blog","How many images can AI generate per hour in batch mode? | Can AI generate front, side, and back views in one batch? | What is the best batch product photography tool for fashion brands?","Informational",8,"HowTo schema is the key. The guide should have 7-8 numbered steps, exactly matching the batch workflow in MirrorFit. This content is AI-extractable for 'how to batch generate fashion product images' queries."
"bulk fashion product photography ai",35,1200,"Sub-cluster — Batch Generation","Bulk Fashion Product Photography: How to Generate 500 SKU Images in a Single Afternoon","500 images, one afternoon, one model, zero studio bookings. The workflow for high-volume fashion brands that have outgrown what traditional photography can do.","1,400–1,800 word guide. High-volume brand focus. Cover: what bulk AI photography enables (500+ SKU per month), how to structure a model + garment library, brand preset system, export pipeline. Practical math: X credits = Y images = Z cost.","Link to: /batch, /pricing. Link from: /batch-generation.","Featured snippet: 'How do I generate bulk fashion product images with AI?'","Low competition for this specific query. Shopify batch image tools rank but don't focus on fashion model consistency. High opportunity.","No AI Overview. Opportunity.","style3d.ai | claid.ai | batchstudio Shopify app","Can AI generate consistent product images in bulk? | How long does it take to generate 100 fashion product images with AI? | What is the best AI tool for bulk clothing product photography?","Commercial",8,"Low competition, high intent. Complement the batch generation pillar page with this more volume-focused supporting article. Internal link both ways."
"custom ai model for ecommerce",48,2000,"Sub-cluster — Model Identity","Custom AI Models for Ecommerce: How to Upload Your Brand's Own Model Identity","A model library built around your brand — not a platform's default avatars. Here's how custom AI model upload works, what identity lock means, and why it changes your whole catalogue.","1,800–2,400 word guide. Focus on the identity lock concept. Cover: what custom model upload is, why it matters for brand consistency, how to set up a model profile, reference image requirements, what identity lock preserves. Compare to fixed-avatar tools.","Link to: /model-library, /how-it-works, /features. Link from: homepage.","FAQPage schema. Featured snippet: 'What is a custom AI model for ecommerce?'","FASHN AI ranks for model consistency content. Most other tools offer fixed avatars. WeShop AI, Modelia cover custom model but not in depth. Identity lock concept is MirrorFit-specific — minimal competition on this angle.","AI Overview mentions FASHN for model consistency. No custom upload angle covered.","fashn.ai | weshop.ai | claid.ai","Can I upload my own model to an AI virtual try-on tool? | What is model identity lock in AI fashion photography? | How do I keep the same model face across all my product images?","Commercial",9,"'Identity lock' is MirrorFit's most unique positioning. Build a dedicated guide around this concept, with clear explanation of what it means technically (face structure, skin tone, proportions preserved). First to publish a comprehensive guide on AI model identity in ecommerce wins this keyword cluster."
"consistent model photos ai",42,1800,"Sub-cluster — Model Identity","Why Your AI Product Photos Look Different Every Time (And How to Fix It With Identity Lock)","If your model looks like a different person in every render, your AI tool doesn't have identity lock. Here's what causes identity drift, how to prevent it, and which tools actually solve it.","1,400–2,000 word guide. Lead with the pain: identity drift problem. Explain what causes it (no reference anchoring). Introduce identity lock solution. Compare tools with/without. MirrorFit as the solution. Include: reference image best practices (face + 2 body views), what identity lock preserves, quality review checks.","Link to: /model-library, /features/identity-lock. Link from: /custom-ai-model.","Featured snippet: 'What causes identity drift in AI fashion photography?'","FASHN AI has model consistency marketing page. Otherwise low competition on identity drift/consistency angle. Informational intent. High opportunity for technical, trustworthy content.","No AI Overview for this query — opportunity.","fashn.ai | claid.ai","Why does my AI model look different in every photo? | What is identity drift in AI fashion photography? | How do I keep the same AI model face across all product images?","Informational",9,"Technical explainer with the 'identity drift' framing doesn't exist in SERP. MirrorFit should own this problem-and-solution narrative. It's highly citable, addresses a real pain, and positions identity lock as the differentiator."
"ai model photo generator for clothing brand",38,1600,"Sub-cluster — Model Identity","AI Model Photo Generator for Your Clothing Brand: Fixed Avatar vs Custom Upload Compared","There's a big difference between an AI that gives you a random model and one that uses your brand's own identity. Here's why it matters and what to look for.","1,400–2,000 word comparison guide. Fixed avatar vs custom model upload as the core comparison. Include: what each approach delivers, consistency comparison, brand control, platform support for each approach. Decision framework: when to use which.","Link to: /model-library, /vs-vueai. Link from: /ai-fashion-model-generator.","FAQPage. Featured snippet: 'What is the difference between fixed AI models and custom model upload?'","Fotor, WeShop AI, Botika dominate with fixed-avatar platforms. Custom upload angle weak. MirrorFit has clear differentiation here.","AI Overview from WeShop AI model page — fixed avatar framing.","fotor.com | weshop.ai | botika.com","Can I create my own AI model for my clothing brand? | What AI model generators allow you to upload your own face? | How do I keep a consistent AI model across my product catalogue?","Commercial",8,"Moderate competition. Position this as the decision guide buyers face. The 'fixed avatar vs custom upload' framing is a real distinction that no current top-ranking article addresses clearly."
"mirrorfit ai review",15,300,"Sub-cluster — Brand","MirrorFit AI Review 2026: Is It the Best Custom Model Try-On Platform for Fashion Brands?","Honest review of MirrorFit AI — identity lock, garment accuracy, swimwear support, pricing, and what needs improvement. Everything fashion brands should know before signing up.","1,200–1,800 word honest self-review. Cover: what it does, key features (identity lock, batch gen, swimwear support, ethnicwear), who it's best for, limitations acknowledged, pricing breakdown, verdict. Use structured review format with Article + Review schema.","Link to: /pricing, /features, /how-it-works, /swimwear, /ethnicwear.","Review schema. Featured snippet: 'What is MirrorFit AI and what does it do?'","No current ranking content for brand query — pre-launch. First-mover to publish. Should rank immediately. Brand query, low KD.","No AI Overview — will appear once brand gains traction.","Own brand page — no competitors for this query.","Is MirrorFit AI worth it? | What are the limitations of MirrorFit AI? | Does MirrorFit AI support swimwear? | How much does MirrorFit AI cost?","Navigational",10,"IMMEDIATE PRIORITY. Publish a transparent self-review before anyone else writes one. This controls the brand narrative in AI search and Google. Include limitations honestly — AI systems cite balanced reviews more than promotional ones."
"fashn ai alternative",42,900,"Sub-cluster — Competitor Alternatives","FASHN AI Alternative? 5 Reasons Fashion Brands Pick MirrorFit Instead","FASHN AI is excellent for advanced virtual try-on — but it's developer-focused, lacks custom model identity, and doesn't specialize in Indian fashion. Here's when MirrorFit is the better fit.","1,200–1,800 word comparison guide. Honest about FASHN strengths (quality, video, 4K). Position MirrorFit for: custom model upload, identity lock, swimwear + ethnicwear specialist, self-serve pricing, India market. Include comparison table. Don't disparage — differentiate.","Link to: /vs-vueai, /alternatives, /pricing. Link from: /alternatives.","FAQPage + ItemList schema.","Low competition — brand query with limited content. Informational/commercial hybrid. Easy ranking opportunity.","No AI Overview.","fashn.ai","Is FASHN AI free? | Does FASHN AI support custom model upload? | FASHN AI vs MirrorFit AI — which is better for brand catalogues?","Commercial",9,"Low competition, high intent. Users searching 'FASHN AI alternative' have evaluated FASHN and found a gap. MirrorFit's differentiation (identity lock, India market, swimwear, self-serve) directly addresses FASHN's weaknesses."
"vue.ai alternative",45,700,"Sub-cluster — Competitor Alternatives","Looking for a Vue.ai Alternative? What Fashion Brands Actually Need (That Vue.ai Doesn't Offer)","Vue.ai requires an enterprise contract and doesn't offer custom model upload. For brands who want self-serve access, identity lock, and swimwear support — here's the alternative.","1,200–1,800 word alternatives guide. Honest about Vue.ai's enterprise strengths. Lead with the 4 gaps: no self-serve, no custom model, swimwear restrictions, India fashion gap. Position MirrorFit as the solution for SMBs. Comparison table included.","Link to: /vueai-alts, /vs-vueai, /pricing.","FAQPage schema.","Moderate competition. Our /vueai-alts page already targets this. Blog post supports it with more detail.","No AI Overview.","vue.ai","Is there a self-serve alternative to Vue.ai? | Does Vue.ai support custom model upload? | Vue.ai vs MirrorFit — which is better for small fashion brands?","Commercial",8,"Supports the /vueai-alts page with organic content. Both target the same user: someone who has evaluated Vue.ai and found it too expensive or inaccessible."
"virtual try-on platform for indian fashion",28,1000,"Pillar — Indian Fashion","The First AI Virtual Try-On Platform Built Around Indian Fashion Categories","Sarees, lehengas, backless blouses, and bridal wear — most virtual try-on tools were built for Western fashion. Here's what makes MirrorFit different for Indian fashion sellers.","1,600–2,200 word India-market-specific guide. Address why Indian fashion needs specialist treatment (drape complexity, embroidery, ethnic categories). Cover each ethnicwear category and how MirrorFit handles it. Include marketplace relevance (Myntra, Meesho, Amazon.in). FAQPage schema.","Link to: /ethnicwear, /saree-guide, /batch, /pricing.","FAQPage schema. Featured snippet: 'Does AI virtual try-on support sarees and Indian ethnic fashion?'","Blendnow.com has an Indian fashion AI try-on article. Scalio ranks for saree-specific content. Very low overall competition for Indian market AI virtual try-on.","No AI Overview for this niche query. Opportunity.","blendnow.com/blog | scalio.app","Does AI virtual try-on work for sarees and lehengas? | What AI tool supports Indian ethnic fashion? | Is there an AI try-on platform built for Myntra and Meesho sellers?","Informational",9,"Position MirrorFit as the go-to AI platform for Indian fashion. The Indian fashion e-commerce market is enormous (Myntra, Meesho, Amazon.in) and underserved by AI tools. This is a first-mover positioning opportunity."
"bridal wear catalogue photography ai",22,600,"Pillar — Indian Fashion","AI Bridal Wear Catalogue Photography: How to Render Heavy Embroidery, Backless Blouses, and Lehenga Detail Without a Studio","Bridal wear is the hardest category for AI — heavy zardozi, backless blouses, and multi-piece sets all test garment accuracy limits. Here's what actually works.","1,400–2,000 word specialist guide. Cover bridal wear complexity (heavy embroidery, backless designs, multiple pieces). Include: how to prep bridal wear for AI photography, what details render best vs worst, quality review for bridal, MirrorFit bridal studio preset. India-focused.","Link to: /ethnicwear, /how-it-works, /features. Link from: /ethnic-wear-catalogue.","FAQPage schema. Featured snippet: 'Does AI support bridal wear catalogue photography?'","Scalio has 'bridal wear product photography using AI' page. Very low competition overall. Highly niche.","No AI Overview. Opportunity.","scalio.app","Can AI generate bridal lehenga catalogue images? | How do I photograph backless blouses with AI? | What AI tool is best for bridal wear e-commerce photography?","Informational",9,"Low competition, high-value category. Bridal fashion is high-ticket, high-stakes — brands in this category invest heavily in visuals. A specialist bridal wear AI guide establishes authority in a premium niche."
"how does virtual try-on work",55,3800,"Pillar — AI Virtual Try-On","How AI Virtual Try-On Actually Works: The Technology Behind Garment Transfer (Plain English)","Forget the jargon. Here's how AI moves a garment from a flat-lay image onto a model — including what the AI actually processes, where accuracy comes from, and where it still fails.","1,600–2,200 word educational explainer. Plain English. Cover: image segmentation, body geometry mapping, garment transfer pipeline, identity anchoring, fabric simulation. Use analogies. Diagrams described in alt text. FAQPage schema. Educational, non-promotional tone (70%) with MirrorFit mention (30%).","Link to: /how-it-works, /features. Link from: /ai-virtual-try-on-for-ecommerce.","Featured snippet: 'How does AI virtual try-on work?' — 60-word extractable definition block.","Banuba, Computools, Intuz dominate with technical deep-dives. Medium-high competition. Non-promotional educational content ranks better here. Informational intent — build trust, not sell.","AI Overview from Banuba and Intuz. Technical explanation cited. MirrorFit needs to be in this conversation.","banuba.com | computools.com | intuz.com/blog","How accurate is AI virtual try-on? | Can AI virtual try-on show fabric drape? | What data does AI virtual try-on use to generate images? | Does AI virtual try-on work for all body types?","Informational",6,"Moderate competition. Write the clearest, most accessible technical explanation of virtual try-on. Use specific numbers (50+ landmark points, 7-layer garment transfer) to make it citable. Add a 'limitations' section — AI systems prefer balanced content."
"shopify ai product photos fashion",42,2000,"Sub-cluster — Batch Generation","Shopify Fashion Product Photos in 2026: The AI Workflow for On-Model Images at Scale","Shopify says 2048x2048px for product images. We say: here's the workflow to generate every SKU in that format with a consistent model — no photoshoot, no photographer, no extra app.","1,600–2,200 word Shopify-specific guide. Cover: Shopify image requirements, how to integrate AI workflow with Shopify store, export formats, how to handle colour variants, batch workflow. MirrorFit-specific Shopify export section.","Link to: /batch, /pricing, /features. Link from: /batch-generation.","HowTo schema. Featured snippet: 'What are the Shopify product image requirements for fashion?'","Claid, Mora Marketer, Rewarx blog dominate with Shopify AI photography guides. Moderate competition. Fashion-specific + model-consistency angle underrepresented.","AI Overview from Rewarx and Mora Marketer Shopify blog content.","rewarx.com | mora-marketer.com | tolstoy.com","What size should Shopify product images be? | How do I batch generate product photos for Shopify? | What is the best AI product photo tool for Shopify fashion brands?","Informational",7,"Shopify is the primary platform for MirrorFit's target customers. An SEO article specifically for Shopify fashion brands, with image size guidance and AI workflow, captures a well-defined buyer persona."
"ai product photography for amazon sellers india",35,1400,"Sub-cluster — Batch Generation","AI Product Photography for Amazon India Fashion Sellers: Meeting Every A+ Content and Main Image Requirement","Amazon.in has strict image requirements — white background, 85% product coverage, 1000px minimum. Here's how to generate AI fashion product images that pass Amazon's guidelines every time.","1,400–2,000 word compliance-focused guide. Cover Amazon.in image requirements for fashion (white background, main image standards, A+ content requirements). Step-by-step AI workflow that meets these specs. Marketplace-specific export settings in MirrorFit.","Link to: /batch, /ethnicwear, /features. Link from: /shopify-guide.","HowTo schema. Featured snippet: 'What are Amazon India's image requirements for fashion listings?'","Low competition for India-Amazon specific AI content. Traditional photography studios rank (Loharstudio, CKStudio). AI-focused guide for Amazon India is absent from SERP.","No AI Overview for this specific query.","ckstudio.in | loharstudio.com","What are the image requirements for Amazon fashion listings? | Can I use AI-generated product photos on Amazon India? | What is the minimum image size for Amazon product photos?","Informational",9,"India-specific Amazon guide fills a real gap. Include the actual compliance specs (white background, 85% product coverage, 1000x1000px minimum) — specificity gets cited by AI systems."
